h,random,spatial
1,2.4155578969385108,2.675492641045505
2,2.6470966515323013,2.9308060913154916
3,2.726843683799773,3.0322916309104677
4,2.697846808867886,2.9373680443298618
