{
  "metadata": {
    "seed": 42,
    "B": 2000,
    "numpy": "2.4.6",
    "pandas": "3.0.3"
  },
  "variogram": {
    "h1": {
      "nugget": 1.7030989428052012,
      "sill": 0.534192967446502,
      "range": 200.16684215114796
    },
    "h2": {
      "nugget": 0.9727576609481582,
      "sill": 1.4150687399779591,
      "range": 53.84822177888719
    },
    "h3": {
      "nugget": 1.451188272282488,
      "sill": 1.9582606602479742,
      "range": 56.072370744414435
    },
    "h4": {
      "nugget": 1.8403476089788746,
      "sill": 2.7250309037623737,
      "range": 73.54243149949207
    }
  },
  "spatial_shift": {
    "h1": {
      "temporal_gap": -0.7952150655821792,
      "spatial_gap": -0.8043808875269549
    },
    "h2": {
      "temporal_gap": -0.7952234206471495,
      "spatial_gap": -0.8037666926163244
    },
    "h3": {
      "temporal_gap": -0.7910900127807194,
      "spatial_gap": -0.8031805425631431
    },
    "h4": {
      "temporal_gap": -0.7857901726427623,
      "spatial_gap": -0.7928592877304667
    }
  },
  "acceptance_checks_passed": true
}